id,width,height,url,photographer,photographer_url,photographer_id,avg_color,original,large2x,large,medium,small,portrait,landscape,tiny,liked,alt,area,natural_orientation,contains_bunny,contains_choc_eggs
3992385,4000,6000,https://www.pexels.com/photo/mini-cakes-with-white-icing-on-top-and-bunny-topper-3992385/,cottonbro studio,https://www.pexels.com/@cottonbro,1437723,#4F4035,https://images.pexels.com/photos/3992385/pexels-photo-3992385.jpeg,https://images.pexels.com/photos/3992385/pexels-photo-3992385.jpeg?auto=compress&cs=tinysrgb&dpr=2&h=650&w=940,https://images.pexels.com/photos/3992385/pexels-photo-3992385.jpeg?auto=compress&cs=tinysrgb&h=650&w=940,https://images.pexels.com/photos/3992385/pexels-photo-3992385.jpeg?auto=compress&cs=tinysrgb&h=350,https://images.pexels.com/photos/3992385/pexels-photo-3992385.jpeg?auto=compress&cs=tinysrgb&h=130,https://images.pexels.com/photos/3992385/pexels-photo-3992385.jpeg?auto=compress&cs=tinysrgb&fit=crop&h=1200&w=800,https://images.pexels.com/photos/3992385/pexels-photo-3992385.jpeg?auto=compress&cs=tinysrgb&fit=crop&h=627&w=1200,https://images.pexels.com/photos/3992385/pexels-photo-3992385.jpeg?auto=compress&cs=tinysrgb&dpr=1&fit=crop&h=200&w=280,FALSE,Delicious homemade Easter cakes with bunny toppers and colorful sprinkles.,24000000,Portrait,TRUE,FALSE
6845802,6000,4000,https://www.pexels.com/photo/a-kid-in-black-and-white-plaid-shirt-holding-a-rabbit-6845802/,Tima Miroshnichenko,https://www.pexels.com/@tima-miroshnichenko,3088726,#9C928A,https://images.pexels.com/photos/6845802/pexels-photo-6845802.jpeg,https://images.pexels.com/photos/6845802/pexels-photo-6845802.jpeg?auto=compress&cs=tinysrgb&dpr=2&h=650&w=940,https://images.pexels.com/photos/6845802/pexels-photo-6845802.jpeg?auto=compress&cs=tinysrgb&h=650&w=940,https://images.pexels.com/photos/6845802/pexels-photo-6845802.jpeg?auto=compress&cs=tinysrgb&h=350,https://images.pexels.com/photos/6845802/pexels-photo-6845802.jpeg?auto=compress&cs=tinysrgb&h=130,https://images.pexels.com/photos/6845802/pexels-photo-6845802.jpeg?auto=compress&cs=tinysrgb&fit=crop&h=1200&w=800,https://images.pexels.com/photos/6845802/pexels-photo-6845802.jpeg?auto=compress&cs=tinysrgb&fit=crop&h=627&w=1200,https://images.pexels.com/photos/6845802/pexels-photo-6845802.jpeg?auto=compress&cs=tinysrgb&dpr=1&fit=crop&h=200&w=280,FALSE,"Adorable moment of children gently petting a white rabbit indoors, capturing love and warmth.",24000000,Landscape,FALSE,FALSE
2731820,4000,6000,https://www.pexels.com/photo/rabbit-amigurumi-doll-2731820/,Kristina Paukshtite,https://www.pexels.com/@kpaukshtite,28319,#8C8381,https://images.pexels.com/photos/2731820/pexels-photo-2731820.jpeg,https://images.pexels.com/photos/2731820/pexels-photo-2731820.jpeg?auto=compress&cs=tinysrgb&dpr=2&h=650&w=940,https://images.pexels.com/photos/2731820/pexels-photo-2731820.jpeg?auto=compress&cs=tinysrgb&h=650&w=940,https://images.pexels.com/photos/2731820/pexels-photo-2731820.jpeg?auto=compress&cs=tinysrgb&h=350,https://images.pexels.com/photos/2731820/pexels-photo-2731820.jpeg?auto=compress&cs=tinysrgb&h=130,https://images.pexels.com/photos/2731820/pexels-photo-2731820.jpeg?auto=compress&cs=tinysrgb&fit=crop&h=1200&w=800,https://images.pexels.com/photos/2731820/pexels-photo-2731820.jpeg?auto=compress&cs=tinysrgb&fit=crop&h=627&w=1200,https://images.pexels.com/photos/2731820/pexels-photo-2731820.jpeg?auto=compress&cs=tinysrgb&dpr=1&fit=crop&h=200&w=280,FALSE,A cute baby lies next to a handmade crochet bunny doll in soft lighting.,24000000,Portrait,TRUE,FALSE
6487217,6016,4016,https://www.pexels.com/photo/painting-of-a-bunny-beside-brown-painted-eggs-on-table-6487217/,Leeloo The First,https://www.pexels.com/@leeloothefirst,2946790,#CBBFB6,https://images.pexels.com/photos/6487217/pexels-photo-6487217.jpeg,https://images.pexels.com/photos/6487217/pexels-photo-6487217.jpeg?auto=compress&cs=tinysrgb&dpr=2&h=650&w=940,https://images.pexels.com/photos/6487217/pexels-photo-6487217.jpeg?auto=compress&cs=tinysrgb&h=650&w=940,https://images.pexels.com/photos/6487217/pexels-photo-6487217.jpeg?auto=compress&cs=tinysrgb&h=350,https://images.pexels.com/photos/6487217/pexels-photo-6487217.jpeg?auto=compress&cs=tinysrgb&h=130,https://images.pexels.com/photos/6487217/pexels-photo-6487217.jpeg?auto=compress&cs=tinysrgb&fit=crop&h=1200&w=800,https://images.pexels.com/photos/6487217/pexels-photo-6487217.jpeg?auto=compress&cs=tinysrgb&fit=crop&h=627&w=1200,https://images.pexels.com/photos/6487217/pexels-photo-6487217.jpeg?auto=compress&cs=tinysrgb&dpr=1&fit=crop&h=200&w=280,FALSE,"Easter-themed flat lay with bunny painting, decorated eggs, and watercolors.",24160256,Landscape,TRUE,TRUE
6923738,6720,4480,https://www.pexels.com/photo/pink-easter-bunny-egg-6923738/,ROMAN ODINTSOV,https://www.pexels.com/@roman-odintsov,2678846,#BE969C,https://images.pexels.com/photos/6923738/pexels-photo-6923738.jpeg,https://images.pexels.com/photos/6923738/pexels-photo-6923738.jpeg?auto=compress&cs=tinysrgb&dpr=2&h=650&w=940,https://images.pexels.com/photos/6923738/pexels-photo-6923738.jpeg?auto=compress&cs=tinysrgb&h=650&w=940,https://images.pexels.com/photos/6923738/pexels-photo-6923738.jpeg?auto=compress&cs=tinysrgb&h=350,https://images.pexels.com/photos/6923738/pexels-photo-6923738.jpeg?auto=compress&cs=tinysrgb&h=130,https://images.pexels.com/photos/6923738/pexels-photo-6923738.jpeg?auto=compress&cs=tinysrgb&fit=crop&h=1200&w=800,https://images.pexels.com/photos/6923738/pexels-photo-6923738.jpeg?auto=compress&cs=tinysrgb&fit=crop&h=627&w=1200,https://images.pexels.com/photos/6923738/pexels-photo-6923738.jpeg?auto=compress&cs=tinysrgb&dpr=1&fit=crop&h=200&w=280,FALSE,Close-up of a charming Easter bunny egg in pink with festive decorations creating a joyful holiday atmosphere.,30105600,Landscape,TRUE,FALSE
4132855,4000,6000,https://www.pexels.com/photo/rabbit-figurine-beside-brown-eggs-on-a-nest-4132855/,freestocks.org,https://www.pexels.com/@freestocks,592,#BDADA3,https://images.pexels.com/photos/4132855/pexels-photo-4132855.jpeg,https://images.pexels.com/photos/4132855/pexels-photo-4132855.jpeg?auto=compress&cs=tinysrgb&dpr=2&h=650&w=940,https://images.pexels.com/photos/4132855/pexels-photo-4132855.jpeg?auto=compress&cs=tinysrgb&h=650&w=940,https://images.pexels.com/photos/4132855/pexels-photo-4132855.jpeg?auto=compress&cs=tinysrgb&h=350,https://images.pexels.com/photos/4132855/pexels-photo-4132855.jpeg?auto=compress&cs=tinysrgb&h=130,https://images.pexels.com/photos/4132855/pexels-photo-4132855.jpeg?auto=compress&cs=tinysrgb&fit=crop&h=1200&w=800,https://images.pexels.com/photos/4132855/pexels-photo-4132855.jpeg?auto=compress&cs=tinysrgb&fit=crop&h=627&w=1200,https://images.pexels.com/photos/4132855/pexels-photo-4132855.jpeg?auto=compress&cs=tinysrgb&dpr=1&fit=crop&h=200&w=280,FALSE,"Adorable Easter setup with a bunny figurine and eggs in a nest, perfect for spring celebrations.",24000000,Portrait,TRUE,TRUE
4492260,4000,6000,https://www.pexels.com/photo/cute-hairy-bunny-on-ground-in-farm-4492260/,lil artsy,https://www.pexels.com/@lilartsy,116950,#776B5E,https://images.pexels.com/photos/4492260/pexels-photo-4492260.jpeg,https://images.pexels.com/photos/4492260/pexels-photo-4492260.jpeg?auto=compress&cs=tinysrgb&dpr=2&h=650&w=940,https://images.pexels.com/photos/4492260/pexels-photo-4492260.jpeg?auto=compress&cs=tinysrgb&h=650&w=940,https://images.pexels.com/photos/4492260/pexels-photo-4492260.jpeg?auto=compress&cs=tinysrgb&h=350,https://images.pexels.com/photos/4492260/pexels-photo-4492260.jpeg?auto=compress&cs=tinysrgb&h=130,https://images.pexels.com/photos/4492260/pexels-photo-4492260.jpeg?auto=compress&cs=tinysrgb&fit=crop&h=1200&w=800,https://images.pexels.com/photos/4492260/pexels-photo-4492260.jpeg?auto=compress&cs=tinysrgb&fit=crop&h=627&w=1200,https://images.pexels.com/photos/4492260/pexels-photo-4492260.jpeg?auto=compress&cs=tinysrgb&dpr=1&fit=crop&h=200&w=280,FALSE,High angle of adorable fluffy Lionhead rabbit sitting on ground in countryside in daytime,24000000,Portrait,FALSE,FALSE
383557,6000,4000,https://www.pexels.com/photo/brown-rabbit-figurine-383557/,Mike Bird,https://www.pexels.com/@mikebirdy,20649,#4B6E1E,https://images.pexels.com/photos/383557/pexels-photo-383557.jpeg,https://images.pexels.com/photos/383557/pexels-photo-383557.jpeg?auto=compress&cs=tinysrgb&dpr=2&h=650&w=940,https://images.pexels.com/photos/383557/pexels-photo-383557.jpeg?auto=compress&cs=tinysrgb&h=650&w=940,https://images.pexels.com/photos/383557/pexels-photo-383557.jpeg?auto=compress&cs=tinysrgb&h=350,https://images.pexels.com/photos/383557/pexels-photo-383557.jpeg?auto=compress&cs=tinysrgb&h=130,https://images.pexels.com/photos/383557/pexels-photo-383557.jpeg?auto=compress&cs=tinysrgb&fit=crop&h=1200&w=800,https://images.pexels.com/photos/383557/pexels-photo-383557.jpeg?auto=compress&cs=tinysrgb&fit=crop&h=627&w=1200,https://images.pexels.com/photos/383557/pexels-photo-383557.jpeg?auto=compress&cs=tinysrgb&dpr=1&fit=crop&h=200&w=280,FALSE,"Adorable brown rabbit nestled among vibrant green plants, showcasing nature's beauty.",24000000,Landscape,FALSE,FALSE
518528,6144,4069,https://www.pexels.com/photo/brown-almonds-518528/,Lukas,https://www.pexels.com/@goumbik,89898,#C9BA99,https://images.pexels.com/photos/518528/pexels-photo-518528.jpeg,https://images.pexels.com/photos/518528/pexels-photo-518528.jpeg?auto=compress&cs=tinysrgb&dpr=2&h=650&w=940,https://images.pexels.com/photos/518528/pexels-photo-518528.jpeg?auto=compress&cs=tinysrgb&h=650&w=940,https://images.pexels.com/photos/518528/pexels-photo-518528.jpeg?auto=compress&cs=tinysrgb&h=350,https://images.pexels.com/photos/518528/pexels-photo-518528.jpeg?auto=compress&cs=tinysrgb&h=130,https://images.pexels.com/photos/518528/pexels-photo-518528.jpeg?auto=compress&cs=tinysrgb&fit=crop&h=1200&w=800,https://images.pexels.com/photos/518528/pexels-photo-518528.jpeg?auto=compress&cs=tinysrgb&fit=crop&h=627&w=1200,https://images.pexels.com/photos/518528/pexels-photo-518528.jpeg?auto=compress&cs=tinysrgb&dpr=1&fit=crop&h=200&w=280,FALSE,"Easter eggs with leaf patterns on a wooden table, with greenery and willow branches for decoration.",24999936,Landscape,FALSE,TRUE
2099696,5333,4000,https://www.pexels.com/photo/easter-bunny-and-eggs-on-grass-field-2099696/,"Susanne Jutzeler, suju-foto",https://www.pexels.com/@suju,427138,#625139,https://images.pexels.com/photos/2099696/pexels-photo-2099696.jpeg,https://images.pexels.com/photos/2099696/pexels-photo-2099696.jpeg?auto=compress&cs=tinysrgb&dpr=2&h=650&w=940,https://images.pexels.com/photos/2099696/pexels-photo-2099696.jpeg?auto=compress&cs=tinysrgb&h=650&w=940,https://images.pexels.com/photos/2099696/pexels-photo-2099696.jpeg?auto=compress&cs=tinysrgb&h=350,https://images.pexels.com/photos/2099696/pexels-photo-2099696.jpeg?auto=compress&cs=tinysrgb&h=130,https://images.pexels.com/photos/2099696/pexels-photo-2099696.jpeg?auto=compress&cs=tinysrgb&fit=crop&h=1200&w=800,https://images.pexels.com/photos/2099696/pexels-photo-2099696.jpeg?auto=compress&cs=tinysrgb&fit=crop&h=627&w=1200,https://images.pexels.com/photos/2099696/pexels-photo-2099696.jpeg?auto=compress&cs=tinysrgb&dpr=1&fit=crop&h=200&w=280,FALSE,A charming Easter scene with colorful eggs and a rustic bunny in a natural outdoor setting.,21332000,Landscape,TRUE,TRUE
2156261,6000,4000,https://www.pexels.com/photo/two-brown-and-white-rabbit-figurines-2156261/,Alexas Fotos,https://www.pexels.com/@alexasfotos,434602,#7E708C,https://images.pexels.com/photos/2156261/pexels-photo-2156261.jpeg,https://images.pexels.com/photos/2156261/pexels-photo-2156261.jpeg?auto=compress&cs=tinysrgb&dpr=2&h=650&w=940,https://images.pexels.com/photos/2156261/pexels-photo-2156261.jpeg?auto=compress&cs=tinysrgb&h=650&w=940,https://images.pexels.com/photos/2156261/pexels-photo-2156261.jpeg?auto=compress&cs=tinysrgb&h=350,https://images.pexels.com/photos/2156261/pexels-photo-2156261.jpeg?auto=compress&cs=tinysrgb&h=130,https://images.pexels.com/photos/2156261/pexels-photo-2156261.jpeg?auto=compress&cs=tinysrgb&fit=crop&h=1200&w=800,https://images.pexels.com/photos/2156261/pexels-photo-2156261.jpeg?auto=compress&cs=tinysrgb&fit=crop&h=627&w=1200,https://images.pexels.com/photos/2156261/pexels-photo-2156261.jpeg?auto=compress&cs=tinysrgb&dpr=1&fit=crop&h=200&w=280,FALSE,Two wooden Easter bunny figurines standing on a table with a soft focus background.,24000000,Landscape,TRUE,FALSE
518531,6144,4069,https://www.pexels.com/photo/flat-lay-photography-of-eggs-and-green-plant-on-top-of-table-518531/,Lukas,https://www.pexels.com/@goumbik,89898,#C1BC95,https://images.pexels.com/photos/518531/pexels-photo-518531.jpeg,https://images.pexels.com/photos/518531/pexels-photo-518531.jpeg?auto=compress&cs=tinysrgb&dpr=2&h=650&w=940,https://images.pexels.com/photos/518531/pexels-photo-518531.jpeg?auto=compress&cs=tinysrgb&h=650&w=940,https://images.pexels.com/photos/518531/pexels-photo-518531.jpeg?auto=compress&cs=tinysrgb&h=350,https://images.pexels.com/photos/518531/pexels-photo-518531.jpeg?auto=compress&cs=tinysrgb&h=130,https://images.pexels.com/photos/518531/pexels-photo-518531.jpeg?auto=compress&cs=tinysrgb&fit=crop&h=1200&w=800,https://images.pexels.com/photos/518531/pexels-photo-518531.jpeg?auto=compress&cs=tinysrgb&fit=crop&h=627&w=1200,https://images.pexels.com/photos/518531/pexels-photo-518531.jpeg?auto=compress&cs=tinysrgb&dpr=1&fit=crop&h=200&w=280,FALSE,Top view of decorated Easter eggs on wood with green plant and willow. Ideal for spring themes.,24999936,Landscape,FALSE,TRUE
3730206,6000,4000,https://www.pexels.com/photo/photo-of-rabbit-3730206/,Lucas,https://www.pexels.com/@lucas-2076875,2076875,#51523B,https://images.pexels.com/photos/3730206/pexels-photo-3730206.jpeg,https://images.pexels.com/photos/3730206/pexels-photo-3730206.jpeg?auto=compress&cs=tinysrgb&dpr=2&h=650&w=940,https://images.pexels.com/photos/3730206/pexels-photo-3730206.jpeg?auto=compress&cs=tinysrgb&h=650&w=940,https://images.pexels.com/photos/3730206/pexels-photo-3730206.jpeg?auto=compress&cs=tinysrgb&h=350,https://images.pexels.com/photos/3730206/pexels-photo-3730206.jpeg?auto=compress&cs=tinysrgb&h=130,https://images.pexels.com/photos/3730206/pexels-photo-3730206.jpeg?auto=compress&cs=tinysrgb&fit=crop&h=1200&w=800,https://images.pexels.com/photos/3730206/pexels-photo-3730206.jpeg?auto=compress&cs=tinysrgb&fit=crop&h=627&w=1200,https://images.pexels.com/photos/3730206/pexels-photo-3730206.jpeg?auto=compress&cs=tinysrgb&dpr=1&fit=crop&h=200&w=280,FALSE,Cute brown and white rabbit enjoying sunny springtime outdoors.,24000000,Landscape,FALSE,FALSE
6923832,4480,6720,https://www.pexels.com/photo/easter-egg-in-a-bowl-of-white-eggs-6923832/,ROMAN ODINTSOV,https://www.pexels.com/@roman-odintsov,2678846,#E3D6DB,https://images.pexels.com/photos/6923832/pexels-photo-6923832.jpeg,https://images.pexels.com/photos/6923832/pexels-photo-6923832.jpeg?auto=compress&cs=tinysrgb&dpr=2&h=650&w=940,https://images.pexels.com/photos/6923832/pexels-photo-6923832.jpeg?auto=compress&cs=tinysrgb&h=650&w=940,https://images.pexels.com/photos/6923832/pexels-photo-6923832.jpeg?auto=compress&cs=tinysrgb&h=350,https://images.pexels.com/photos/6923832/pexels-photo-6923832.jpeg?auto=compress&cs=tinysrgb&h=130,https://images.pexels.com/photos/6923832/pexels-photo-6923832.jpeg?auto=compress&cs=tinysrgb&fit=crop&h=1200&w=800,https://images.pexels.com/photos/6923832/pexels-photo-6923832.jpeg?auto=compress&cs=tinysrgb&fit=crop&h=627&w=1200,https://images.pexels.com/photos/6923832/pexels-photo-6923832.jpeg?auto=compress&cs=tinysrgb&dpr=1&fit=crop&h=200&w=280,FALSE,Cute Easter eggs with bunny theme and pastel decorations in a white bowl.,30105600,Portrait,TRUE,TRUE
6923741,6720,4480,https://www.pexels.com/photo/white-and-pink-decorated-eggs-on-bowl-6923741/,ROMAN ODINTSOV,https://www.pexels.com/@roman-odintsov,2678846,#D9ABB2,https://images.pexels.com/photos/6923741/pexels-photo-6923741.jpeg,https://images.pexels.com/photos/6923741/pexels-photo-6923741.jpeg?auto=compress&cs=tinysrgb&dpr=2&h=650&w=940,https://images.pexels.com/photos/6923741/pexels-photo-6923741.jpeg?auto=compress&cs=tinysrgb&h=650&w=940,https://images.pexels.com/photos/6923741/pexels-photo-6923741.jpeg?auto=compress&cs=tinysrgb&h=350,https://images.pexels.com/photos/6923741/pexels-photo-6923741.jpeg?auto=compress&cs=tinysrgb&h=130,https://images.pexels.com/photos/6923741/pexels-photo-6923741.jpeg?auto=compress&cs=tinysrgb&fit=crop&h=1200&w=800,https://images.pexels.com/photos/6923741/pexels-photo-6923741.jpeg?auto=compress&cs=tinysrgb&fit=crop&h=627&w=1200,https://images.pexels.com/photos/6923741/pexels-photo-6923741.jpeg?auto=compress&cs=tinysrgb&dpr=1&fit=crop&h=200&w=280,FALSE,Decorated Easter eggs featuring a bunny design with pastel pink and white accents placed in a bowl.,30105600,Landscape,TRUE,TRUE
31725237,7008,4672,https://www.pexels.com/photo/colorful-easter-eggs-in-festive-basket-31725237/,Kiril Gruev,https://www.pexels.com/@kiril-gruev-2644795,2644795,#9A786F,https://images.pexels.com/photos/31725237/pexels-photo-31725237.jpeg,https://images.pexels.com/photos/31725237/pexels-photo-31725237.jpeg?auto=compress&cs=tinysrgb&dpr=2&h=650&w=940,https://images.pexels.com/photos/31725237/pexels-photo-31725237.jpeg?auto=compress&cs=tinysrgb&h=650&w=940,https://images.pexels.com/photos/31725237/pexels-photo-31725237.jpeg?auto=compress&cs=tinysrgb&h=350,https://images.pexels.com/photos/31725237/pexels-photo-31725237.jpeg?auto=compress&cs=tinysrgb&h=130,https://images.pexels.com/photos/31725237/pexels-photo-31725237.jpeg?auto=compress&cs=tinysrgb&fit=crop&h=1200&w=800,https://images.pexels.com/photos/31725237/pexels-photo-31725237.jpeg?auto=compress&cs=tinysrgb&fit=crop&h=627&w=1200,https://images.pexels.com/photos/31725237/pexels-photo-31725237.jpeg?auto=compress&cs=tinysrgb&dpr=1&fit=crop&h=200&w=280,FALSE,"A vibrant assortment of decorated Easter eggs arranged in a fabric-lined basket, ideal for celebrations.",32741376,Landscape,FALSE,TRUE
31725229,7008,4672,https://www.pexels.com/photo/easter-duck-with-colorful-eggs-in-basket-31725229/,Kiril Gruev,https://www.pexels.com/@kiril-gruev-2644795,2644795,#94837B,https://images.pexels.com/photos/31725229/pexels-photo-31725229.jpeg,https://images.pexels.com/photos/31725229/pexels-photo-31725229.jpeg?auto=compress&cs=tinysrgb&dpr=2&h=650&w=940,https://images.pexels.com/photos/31725229/pexels-photo-31725229.jpeg?auto=compress&cs=tinysrgb&h=650&w=940,https://images.pexels.com/photos/31725229/pexels-photo-31725229.jpeg?auto=compress&cs=tinysrgb&h=350,https://images.pexels.com/photos/31725229/pexels-photo-31725229.jpeg?auto=compress&cs=tinysrgb&h=130,https://images.pexels.com/photos/31725229/pexels-photo-31725229.jpeg?auto=compress&cs=tinysrgb&fit=crop&h=1200&w=800,https://images.pexels.com/photos/31725229/pexels-photo-31725229.jpeg?auto=compress&cs=tinysrgb&fit=crop&h=627&w=1200,https://images.pexels.com/photos/31725229/pexels-photo-31725229.jpeg?auto=compress&cs=tinysrgb&dpr=1&fit=crop&h=200&w=280,FALSE,"Easter,[nb 1] also called Pascha[nb 2] (Aramaic, Greek, Latin) or Resurrection Sunday,[nb 3] is a Christian festival and cultural holiday commemorating the resurrection of Jesus from the d...",32741376,Landscape,FALSE,FALSE
31695267,4593,6889,https://www.pexels.com/photo/charming-easter-bunny-decoration-in-spring-garden-31695267/,Gundula Vogel,https://www.pexels.com/@guvo59,1082174194,#796A2F,https://images.pexels.com/photos/31695267/pexels-photo-31695267.jpeg,https://images.pexels.com/photos/31695267/pexels-photo-31695267.jpeg?auto=compress&cs=tinysrgb&dpr=2&h=650&w=940,https://images.pexels.com/photos/31695267/pexels-photo-31695267.jpeg?auto=compress&cs=tinysrgb&h=650&w=940,https://images.pexels.com/photos/31695267/pexels-photo-31695267.jpeg?auto=compress&cs=tinysrgb&h=350,https://images.pexels.com/photos/31695267/pexels-photo-31695267.jpeg?auto=compress&cs=tinysrgb&h=130,https://images.pexels.com/photos/31695267/pexels-photo-31695267.jpeg?auto=compress&cs=tinysrgb&fit=crop&h=1200&w=800,https://images.pexels.com/photos/31695267/pexels-photo-31695267.jpeg?auto=compress&cs=tinysrgb&fit=crop&h=627&w=1200,https://images.pexels.com/photos/31695267/pexels-photo-31695267.jpeg?auto=compress&cs=tinysrgb&dpr=1&fit=crop&h=200&w=280,FALSE,Cute wooden Easter bunny with colorful eggs surrounded by forsythia in spring garden.,31641177,Portrait,TRUE,TRUE
31695265,7008,4672,https://www.pexels.com/photo/charming-easter-bunny-decoration-in-spring-garden-31695265/,Gundula Vogel,https://www.pexels.com/@guvo59,1082174194,#6A621A,https://images.pexels.com/photos/31695265/pexels-photo-31695265.jpeg,https://images.pexels.com/photos/31695265/pexels-photo-31695265.jpeg?auto=compress&cs=tinysrgb&dpr=2&h=650&w=940,https://images.pexels.com/photos/31695265/pexels-photo-31695265.jpeg?auto=compress&cs=tinysrgb&h=650&w=940,https://images.pexels.com/photos/31695265/pexels-photo-31695265.jpeg?auto=compress&cs=tinysrgb&h=350,https://images.pexels.com/photos/31695265/pexels-photo-31695265.jpeg?auto=compress&cs=tinysrgb&h=130,https://images.pexels.com/photos/31695265/pexels-photo-31695265.jpeg?auto=compress&cs=tinysrgb&fit=crop&h=1200&w=800,https://images.pexels.com/photos/31695265/pexels-photo-31695265.jpeg?auto=compress&cs=tinysrgb&fit=crop&h=627&w=1200,https://images.pexels.com/photos/31695265/pexels-photo-31695265.jpeg?auto=compress&cs=tinysrgb&dpr=1&fit=crop&h=200&w=280,FALSE,Wooden Easter bunny among blooming forsythia in a vibrant spring garden setting.,32741376,Landscape,TRUE,FALSE
31695266,7008,4672,https://www.pexels.com/photo/wooden-easter-bunny-in-spring-floral-garden-31695266/,Gundula Vogel,https://www.pexels.com/@guvo59,1082174194,#675F21,https://images.pexels.com/photos/31695266/pexels-photo-31695266.jpeg,https://images.pexels.com/photos/31695266/pexels-photo-31695266.jpeg?auto=compress&cs=tinysrgb&dpr=2&h=650&w=940,https://images.pexels.com/photos/31695266/pexels-photo-31695266.jpeg?auto=compress&cs=tinysrgb&h=650&w=940,https://images.pexels.com/photos/31695266/pexels-photo-31695266.jpeg?auto=compress&cs=tinysrgb&h=350,https://images.pexels.com/photos/31695266/pexels-photo-31695266.jpeg?auto=compress&cs=tinysrgb&h=130,https://images.pexels.com/photos/31695266/pexels-photo-31695266.jpeg?auto=compress&cs=tinysrgb&fit=crop&h=1200&w=800,https://images.pexels.com/photos/31695266/pexels-photo-31695266.jpeg?auto=compress&cs=tinysrgb&fit=crop&h=627&w=1200,https://images.pexels.com/photos/31695266/pexels-photo-31695266.jpeg?auto=compress&cs=tinysrgb&dpr=1&fit=crop&h=200&w=280,FALSE,Charming wooden Easter bunny ornament surrounded by vibrant forsythia blooms in a spring garden setting.,32741376,Landscape,TRUE,FALSE
31695264,4672,7008,https://www.pexels.com/photo/charming-easter-bunny-in-vibrant-spring-garden-31695264/,Gundula Vogel,https://www.pexels.com/@guvo59,1082174194,#71621D,https://images.pexels.com/photos/31695264/pexels-photo-31695264.jpeg,https://images.pexels.com/photos/31695264/pexels-photo-31695264.jpeg?auto=compress&cs=tinysrgb&dpr=2&h=650&w=940,https://images.pexels.com/photos/31695264/pexels-photo-31695264.jpeg?auto=compress&cs=tinysrgb&h=650&w=940,https://images.pexels.com/photos/31695264/pexels-photo-31695264.jpeg?auto=compress&cs=tinysrgb&h=350,https://images.pexels.com/photos/31695264/pexels-photo-31695264.jpeg?auto=compress&cs=tinysrgb&h=130,https://images.pexels.com/photos/31695264/pexels-photo-31695264.jpeg?auto=compress&cs=tinysrgb&fit=crop&h=1200&w=800,https://images.pexels.com/photos/31695264/pexels-photo-31695264.jpeg?auto=compress&cs=tinysrgb&fit=crop&h=627&w=1200,https://images.pexels.com/photos/31695264/pexels-photo-31695264.jpeg?auto=compress&cs=tinysrgb&dpr=1&fit=crop&h=200&w=280,FALSE,"Wooden Easter bunny with colorful eggs in a blossoming forsythia garden, perfect for springtime decor.",32741376,Portrait,TRUE,TRUE
3992206,6000,4000,https://www.pexels.com/photo/woman-in-white-sweater-baking-cake-3992206/,cottonbro studio,https://www.pexels.com/@cottonbro,1437723,#635244,https://images.pexels.com/photos/3992206/pexels-photo-3992206.jpeg,https://images.pexels.com/photos/3992206/pexels-photo-3992206.jpeg?auto=compress&cs=tinysrgb&dpr=2&h=650&w=940,https://images.pexels.com/photos/3992206/pexels-photo-3992206.jpeg?auto=compress&cs=tinysrgb&h=650&w=940,https://images.pexels.com/photos/3992206/pexels-photo-3992206.jpeg?auto=compress&cs=tinysrgb&h=350,https://images.pexels.com/photos/3992206/pexels-photo-3992206.jpeg?auto=compress&cs=tinysrgb&h=130,https://images.pexels.com/photos/3992206/pexels-photo-3992206.jpeg?auto=compress&cs=tinysrgb&fit=crop&h=1200&w=800,https://images.pexels.com/photos/3992206/pexels-photo-3992206.jpeg?auto=compress&cs=tinysrgb&fit=crop&h=627&w=1200,https://images.pexels.com/photos/3992206/pexels-photo-3992206.jpeg?auto=compress&cs=tinysrgb&dpr=1&fit=crop&h=200&w=280,FALSE,"A mother and daughter baking a cake in a cozy kitchen setting, enhancing family time.",24000000,Landscape,FALSE,FALSE
